1,96.02225017547607,20492a4d0d84f8beb1767f6616229f85d44c2827b64bdbfb260ee12fa1109e0e
2,110.01971983909607,20492a4d0d84f8beb1767f6616229f85d44c2827b64bdbfb260ee12fa1109e0e
3,48.73801589012146,20492a4d0d84f8beb1767f6616229f85d44c2827b64bdbfb260ee12fa1109e0e
4,50.42826175689697,20492a4d0d84f8beb1767f6616229f85d44c2827b64bdbfb260ee12fa1109e0e
5,47.620726346969604,20492a4d0d84f8beb1767f6616229f85d44c2827b64bdbfb260ee12fa1109e0e
6,58.01015663146973,20492a4d0d84f8beb1767f6616229f85d44c2827b64bdbfb260ee12fa1109e0e
7,48.3038010597229,20492a4d0d84f8beb1767f6616229f85d44c2827b64bdbfb260ee12fa1109e0e
8,52.347801208496094,20492a4d0d84f8beb1767f6616229f85d44c2827b64bdbfb260ee12fa1109e0e
9,48.6163387298584,20492a4d0d84f8beb1767f6616229f85d44c2827b64bdbfb260ee12fa1109e0e
10,50.29046821594238,20492a4d0d84f8beb1767f6616229f85d44c2827b64bdbfb260ee12fa1109e0e
11,48.265461921691895,20492a4d0d84f8beb1767f6616229f85d44c2827b64bdbfb260ee12fa1109e0e
12,54.265130281448364,20492a4d0d84f8beb1767f6616229f85d44c2827b64bdbfb260ee12fa1109e0e
13,51.409497022628784,20492a4d0d84f8beb1767f6616229f85d44c2827b64bdbfb260ee12fa1109e0e
14,47.963727951049805,20492a4d0d84f8beb1767f6616229f85d44c2827b64bdbfb260ee12fa1109e0e
15,49.55757999420166,20492a4d0d84f8beb1767f6616229f85d44c2827b64bdbfb260ee12fa1109e0e
16,46.94389224052429,20492a4d0d84f8beb1767f6616229f85d44c2827b64bdbfb260ee12fa1109e0e
17,48.04542112350464,20492a4d0d84f8beb1767f6616229f85d44c2827b64bdbfb260ee12fa1109e0e
18,47.58860468864441,20492a4d0d84f8beb1767f6616229f85d44c2827b64bdbfb260ee12fa1109e0e
19,53.78145956993103,20492a4d0d84f8beb1767f6616229f85d44c2827b64bdbfb260ee12fa1109e0e
20,44.99001121520996,20492a4d0d84f8beb1767f6616229f85d44c2827b64bdbfb260ee12fa1109e0e
21,46.05323362350464,20492a4d0d84f8beb1767f6616229f85d44c2827b64bdbfb260ee12fa1109e0e
22,47.1541748046875,20492a4d0d84f8beb1767f6616229f85d44c2827b64bdbfb260ee12fa1109e0e
23,43.906463861465454,20492a4d0d84f8beb1767f6616229f85d44c2827b64bdbfb260ee12fa1109e0e
24,48.719810962677,20492a4d0d84f8beb1767f6616229f85d44c2827b64bdbfb260ee12fa1109e0e
25,47.93249154090881,20492a4d0d84f8beb1767f6616229f85d44c2827b64bdbfb260ee12fa1109e0e
26,49.32266616821289,20492a4d0d84f8beb1767f6616229f85d44c2827b64bdbfb260ee12fa1109e0e
27,63.17436194419861,20492a4d0d84f8beb1767f6616229f85d44c2827b64bdbfb260ee12fa1109e0e
28,52.328442096710205,20492a4d0d84f8beb1767f6616229f85d44c2827b64bdbfb260ee12fa1109e0e
29,48.9620885848999,20492a4d0d84f8beb1767f6616229f85d44c2827b64bdbfb260ee12fa1109e0e
30,48.6055052280426,20492a4d0d84f8beb1767f6616229f85d44c2827b64bdbfb260ee12fa1109e0e
31,48.881593227386475,20492a4d0d84f8beb1767f6616229f85d44c2827b64bdbfb260ee12fa1109e0e
32,46.985742807388306,20492a4d0d84f8beb1767f6616229f85d44c2827b64bdbfb260ee12fa1109e0e
33,94.42033290863037,20492a4d0d84f8beb1767f6616229f85d44c2827b64bdbfb260ee12fa1109e0e
34,122.03223657608032,2533fe57b62410e736255abbe1884fd550f7a3556e376aaed9679c4ce176ec3d
35,71.4156243801117,20492a4d0d84f8beb1767f6616229f85d44c2827b64bdbfb260ee12fa1109e0e
36,60.42288160324097,20492a4d0d84f8beb1767f6616229f85d44c2827b64bdbfb260ee12fa1109e0e
37,51.679166316986084,20492a4d0d84f8beb1767f6616229f85d44c2827b64bdbfb260ee12fa1109e0e
38,63.48014426231384,20492a4d0d84f8beb1767f6616229f85d44c2827b64bdbfb260ee12fa1109e0e
39,44.72294616699219,20492a4d0d84f8beb1767f6616229f85d44c2827b64bdbfb260ee12fa1109e0e
40,44.405887842178345,20492a4d0d84f8beb1767f6616229f85d44c2827b64bdbfb260ee12fa1109e0e
41,51.03880739212036,20492a4d0d84f8beb1767f6616229f85d44c2827b64bdbfb260ee12fa1109e0e
42,47.50106859207153,20492a4d0d84f8beb1767f6616229f85d44c2827b64bdbfb260ee12fa1109e0e
43,43.85017013549805,20492a4d0d84f8beb1767f6616229f85d44c2827b64bdbfb260ee12fa1109e0e
44,44.78013324737549,20492a4d0d84f8beb1767f6616229f85d44c2827b64bdbfb260ee12fa1109e0e
45,45.79055643081665,20492a4d0d84f8beb1767f6616229f85d44c2827b64bdbfb260ee12fa1109e0e
46,45.91008734703064,20492a4d0d84f8beb1767f6616229f85d44c2827b64bdbfb260ee12fa1109e0e
47,47.810685873031616,20492a4d0d84f8beb1767f6616229f85d44c2827b64bdbfb260ee12fa1109e0e
48,47.42244791984558,20492a4d0d84f8beb1767f6616229f85d44c2827b64bdbfb260ee12fa1109e0e
49,44.38933062553406,20492a4d0d84f8beb1767f6616229f85d44c2827b64bdbfb260ee12fa1109e0e
50,52.839500188827515,20492a4d0d84f8beb1767f6616229f85d44c2827b64bdbfb260ee12fa1109e0e
51,46.19524049758911,20492a4d0d84f8beb1767f6616229f85d44c2827b64bdbfb260ee12fa1109e0e
52,46.72704482078552,20492a4d0d84f8beb1767f6616229f85d44c2827b64bdbfb260ee12fa1109e0e
53,44.67808246612549,20492a4d0d84f8beb1767f6616229f85d44c2827b64bdbfb260ee12fa1109e0e
54,45.407222509384155,20492a4d0d84f8beb1767f6616229f85d44c2827b64bdbfb260ee12fa1109e0e
55,45.94282531738281,20492a4d0d84f8beb1767f6616229f85d44c2827b64bdbfb260ee12fa1109e0e
56,45.57406139373779,20492a4d0d84f8beb1767f6616229f85d44c2827b64bdbfb260ee12fa1109e0e
57,45.216495513916016,20492a4d0d84f8beb1767f6616229f85d44c2827b64bdbfb260ee12fa1109e0e
58,46.99181056022644,20492a4d0d84f8beb1767f6616229f85d44c2827b64bdbfb260ee12fa1109e0e
59,56.304022550582886,20492a4d0d84f8beb1767f6616229f85d44c2827b64bdbfb260ee12fa1109e0e
60,47.91334819793701,20492a4d0d84f8beb1767f6616229f85d44c2827b64bdbfb260ee12fa1109e0e
61,52.11158490180969,20492a4d0d84f8beb1767f6616229f85d44c2827b64bdbfb260ee12fa1109e0e
62,47.021992206573486,20492a4d0d84f8beb1767f6616229f85d44c2827b64bdbfb260ee12fa1109e0e
63,47.84566903114319,20492a4d0d84f8beb1767f6616229f85d44c2827b64bdbfb260ee12fa1109e0e
64,49.02152371406555,20492a4d0d84f8beb1767f6616229f85d44c2827b64bdbfb260ee12fa1109e0e
65,52.903425216674805,20492a4d0d84f8beb1767f6616229f85d44c2827b64bdbfb260ee12fa1109e0e
66,50.06707215309143,20492a4d0d84f8beb1767f6616229f85d44c2827b64bdbfb260ee12fa1109e0e
67,44.665568590164185,20492a4d0d84f8beb1767f6616229f85d44c2827b64bdbfb260ee12fa1109e0e
68,44.577335357666016,20492a4d0d84f8beb1767f6616229f85d44c2827b64bdbfb260ee12fa1109e0e
69,44.98274850845337,20492a4d0d84f8beb1767f6616229f85d44c2827b64bdbfb260ee12fa1109e0e
70,46.70454430580139,20492a4d0d84f8beb1767f6616229f85d44c2827b64bdbfb260ee12fa1109e0e
71,48.15105700492859,20492a4d0d84f8beb1767f6616229f85d44c2827b64bdbfb260ee12fa1109e0e
72,48.446457624435425,20492a4d0d84f8beb1767f6616229f85d44c2827b64bdbfb260ee12fa1109e0e
73,46.52095603942871,20492a4d0d84f8beb1767f6616229f85d44c2827b64bdbfb260ee12fa1109e0e
74,44.046101808547974,20492a4d0d84f8beb1767f6616229f85d44c2827b64bdbfb260ee12fa1109e0e
75,47.7676784992218,20492a4d0d84f8beb1767f6616229f85d44c2827b64bdbfb260ee12fa1109e0e
76,45.59194874763489,20492a4d0d84f8beb1767f6616229f85d44c2827b64bdbfb260ee12fa1109e0e
77,46.06191325187683,20492a4d0d84f8beb1767f6616229f85d44c2827b64bdbfb260ee12fa1109e0e
78,47.83240818977356,20492a4d0d84f8beb1767f6616229f85d44c2827b64bdbfb260ee12fa1109e0e
79,50.05711889266968,20492a4d0d84f8beb1767f6616229f85d44c2827b64bdbfb260ee12fa1109e0e
80,48.54821538925171,20492a4d0d84f8beb1767f6616229f85d44c2827b64bdbfb260ee12fa1109e0e
81,46.47623801231384,20492a4d0d84f8beb1767f6616229f85d44c2827b64bdbfb260ee12fa1109e0e
82,44.40469717979431,20492a4d0d84f8beb1767f6616229f85d44c2827b64bdbfb260ee12fa1109e0e
83,46.70509886741638,20492a4d0d84f8beb1767f6616229f85d44c2827b64bdbfb260ee12fa1109e0e
84,48.06925630569458,20492a4d0d84f8beb1767f6616229f85d44c2827b64bdbfb260ee12fa1109e0e
85,45.482481479644775,20492a4d0d84f8beb1767f6616229f85d44c2827b64bdbfb260ee12fa1109e0e
86,44.9308648109436,20492a4d0d84f8beb1767f6616229f85d44c2827b64bdbfb260ee12fa1109e0e
87,48.81400680541992,20492a4d0d84f8beb1767f6616229f85d44c2827b64bdbfb260ee12fa1109e0e
88,44.80346941947937,20492a4d0d84f8beb1767f6616229f85d44c2827b64bdbfb260ee12fa1109e0e
89,44.37254881858826,20492a4d0d84f8beb1767f6616229f85d44c2827b64bdbfb260ee12fa1109e0e
90,45.735185384750366,20492a4d0d84f8beb1767f6616229f85d44c2827b64bdbfb260ee12fa1109e0e
91,44.78952741622925,20492a4d0d84f8beb1767f6616229f85d44c2827b64bdbfb260ee12fa1109e0e
92,46.760725259780884,20492a4d0d84f8beb1767f6616229f85d44c2827b64bdbfb260ee12fa1109e0e
93,47.70649528503418,20492a4d0d84f8beb1767f6616229f85d44c2827b64bdbfb260ee12fa1109e0e
94,45.0928316116333,20492a4d0d84f8beb1767f6616229f85d44c2827b64bdbfb260ee12fa1109e0e
95,48.242451429367065,20492a4d0d84f8beb1767f6616229f85d44c2827b64bdbfb260ee12fa1109e0e
96,45.787540912628174,20492a4d0d84f8beb1767f6616229f85d44c2827b64bdbfb260ee12fa1109e0e
97,54.593148708343506,20492a4d0d84f8beb1767f6616229f85d44c2827b64bdbfb260ee12fa1109e0e
98,49.55125713348389,20492a4d0d84f8beb1767f6616229f85d44c2827b64bdbfb260ee12fa1109e0e
99,48.39605522155762,20492a4d0d84f8beb1767f6616229f85d44c2827b64bdbfb260ee12fa1109e0e
100,45.77187991142273,20492a4d0d84f8beb1767f6616229f85d44c2827b64bdbfb260ee12fa1109e0e
101,44.74018454551697,20492a4d0d84f8beb1767f6616229f85d44c2827b64bdbfb260ee12fa1109e0e
102,46.94088578224182,20492a4d0d84f8beb1767f6616229f85d44c2827b64bdbfb260ee12fa1109e0e
103,44.269381523132324,20492a4d0d84f8beb1767f6616229f85d44c2827b64bdbfb260ee12fa1109e0e
104,43.80069589614868,20492a4d0d84f8beb1767f6616229f85d44c2827b64bdbfb260ee12fa1109e0e
105,44.931557178497314,20492a4d0d84f8beb1767f6616229f85d44c2827b64bdbfb260ee12fa1109e0e
106,47.32112956047058,20492a4d0d84f8beb1767f6616229f85d44c2827b64bdbfb260ee12fa1109e0e
107,45.727139711380005,20492a4d0d84f8beb1767f6616229f85d44c2827b64bdbfb260ee12fa1109e0e
108,44.40053677558899,20492a4d0d84f8beb1767f6616229f85d44c2827b64bdbfb260ee12fa1109e0e
109,45.683931827545166,20492a4d0d84f8beb1767f6616229f85d44c2827b64bdbfb260ee12fa1109e0e
110,43.984477281570435,20492a4d0d84f8beb1767f6616229f85d44c2827b64bdbfb260ee12fa1109e0e
111,45.36821913719177,20492a4d0d84f8beb1767f6616229f85d44c2827b64bdbfb260ee12fa1109e0e
112,49.884599447250366,20492a4d0d84f8beb1767f6616229f85d44c2827b64bdbfb260ee12fa1109e0e
113,44.383159160614014,20492a4d0d84f8beb1767f6616229f85d44c2827b64bdbfb260ee12fa1109e0e
114,44.78712511062622,20492a4d0d84f8beb1767f6616229f85d44c2827b64bdbfb260ee12fa1109e0e
115,44.36158609390259,20492a4d0d84f8beb1767f6616229f85d44c2827b64bdbfb260ee12fa1109e0e
116,45.03983521461487,20492a4d0d84f8beb1767f6616229f85d44c2827b64bdbfb260ee12fa1109e0e
117,44.773895025253296,20492a4d0d84f8beb1767f6616229f85d44c2827b64bdbfb260ee12fa1109e0e
118,51.08209443092346,20492a4d0d84f8beb1767f6616229f85d44c2827b64bdbfb260ee12fa1109e0e
119,44.922303438186646,20492a4d0d84f8beb1767f6616229f85d44c2827b64bdbfb260ee12fa1109e0e
120,44.30548143386841,20492a4d0d84f8beb1767f6616229f85d44c2827b64bdbfb260ee12fa1109e0e
121,46.26935696601868,20492a4d0d84f8beb1767f6616229f85d44c2827b64bdbfb260ee12fa1109e0e
122,44.60829019546509,20492a4d0d84f8beb1767f6616229f85d44c2827b64bdbfb260ee12fa1109e0e
123,44.90574836730957,20492a4d0d84f8beb1767f6616229f85d44c2827b64bdbfb260ee12fa1109e0e
124,44.140867948532104,20492a4d0d84f8beb1767f6616229f85d44c2827b64bdbfb260ee12fa1109e0e
125,44.320915937423706,20492a4d0d84f8beb1767f6616229f85d44c2827b64bdbfb260ee12fa1109e0e
126,44.275694847106934,20492a4d0d84f8beb1767f6616229f85d44c2827b64bdbfb260ee12fa1109e0e
127,44.58522868156433,20492a4d0d84f8beb1767f6616229f85d44c2827b64bdbfb260ee12fa1109e0e
128,47.29850101470947,20492a4d0d84f8beb1767f6616229f85d44c2827b64bdbfb260ee12fa1109e0e
129,44.03837013244629,20492a4d0d84f8beb1767f6616229f85d44c2827b64bdbfb260ee12fa1109e0e
130,43.98572826385498,20492a4d0d84f8beb1767f6616229f85d44c2827b64bdbfb260ee12fa1109e0e
131,45.33323884010315,20492a4d0d84f8beb1767f6616229f85d44c2827b64bdbfb260ee12fa1109e0e
132,43.92392587661743,20492a4d0d84f8beb1767f6616229f85d44c2827b64bdbfb260ee12fa1109e0e
133,44.42005014419556,20492a4d0d84f8beb1767f6616229f85d44c2827b64bdbfb260ee12fa1109e0e
134,45.98822593688965,20492a4d0d84f8beb1767f6616229f85d44c2827b64bdbfb260ee12fa1109e0e
135,44.1732280254364,20492a4d0d84f8beb1767f6616229f85d44c2827b64bdbfb260ee12fa1109e0e
136,44.5640594959259,20492a4d0d84f8beb1767f6616229f85d44c2827b64bdbfb260ee12fa1109e0e
137,44.65278363227844,20492a4d0d84f8beb1767f6616229f85d44c2827b64bdbfb260ee12fa1109e0e
138,44.15371561050415,20492a4d0d84f8beb1767f6616229f85d44c2827b64bdbfb260ee12fa1109e0e
139,44.03900122642517,20492a4d0d84f8beb1767f6616229f85d44c2827b64bdbfb260ee12fa1109e0e
140,46.19272780418396,20492a4d0d84f8beb1767f6616229f85d44c2827b64bdbfb260ee12fa1109e0e
141,44.29961276054382,20492a4d0d84f8beb1767f6616229f85d44c2827b64bdbfb260ee12fa1109e0e
142,43.663102865219116,20492a4d0d84f8beb1767f6616229f85d44c2827b64bdbfb260ee12fa1109e0e
143,44.332754611968994,20492a4d0d84f8beb1767f6616229f85d44c2827b64bdbfb260ee12fa1109e0e
144,45.19135308265686,20492a4d0d84f8beb1767f6616229f85d44c2827b64bdbfb260ee12fa1109e0e
145,45.056721210479736,20492a4d0d84f8beb1767f6616229f85d44c2827b64bdbfb260ee12fa1109e0e
146,44.884907245635986,20492a4d0d84f8beb1767f6616229f85d44c2827b64bdbfb260ee12fa1109e0e
147,45.92435431480408,20492a4d0d84f8beb1767f6616229f85d44c2827b64bdbfb260ee12fa1109e0e
148,48.814288854599,20492a4d0d84f8beb1767f6616229f85d44c2827b64bdbfb260ee12fa1109e0e
149,46.428173303604126,20492a4d0d84f8beb1767f6616229f85d44c2827b64bdbfb260ee12fa1109e0e
150,45.05011439323425,20492a4d0d84f8beb1767f6616229f85d44c2827b64bdbfb260ee12fa1109e0e
151,45.84421706199646,20492a4d0d84f8beb1767f6616229f85d44c2827b64bdbfb260ee12fa1109e0e
152,44.47101712226868,20492a4d0d84f8beb1767f6616229f85d44c2827b64bdbfb260ee12fa1109e0e
153,47.70592665672302,20492a4d0d84f8beb1767f6616229f85d44c2827b64bdbfb260ee12fa1109e0e
154,46.35722327232361,20492a4d0d84f8beb1767f6616229f85d44c2827b64bdbfb260ee12fa1109e0e
155,45.0896852016449,20492a4d0d84f8beb1767f6616229f85d44c2827b64bdbfb260ee12fa1109e0e
156,43.89525246620178,20492a4d0d84f8beb1767f6616229f85d44c2827b64bdbfb260ee12fa1109e0e
157,44.322372913360596,20492a4d0d84f8beb1767f6616229f85d44c2827b64bdbfb260ee12fa1109e0e
158,44.44119691848755,20492a4d0d84f8beb1767f6616229f85d44c2827b64bdbfb260ee12fa1109e0e
159,44.909095287323,20492a4d0d84f8beb1767f6616229f85d44c2827b64bdbfb260ee12fa1109e0e
160,44.00361394882202,20492a4d0d84f8beb1767f6616229f85d44c2827b64bdbfb260ee12fa1109e0e
161,44.2412326335907,20492a4d0d84f8beb1767f6616229f85d44c2827b64bdbfb260ee12fa1109e0e
162,44.058860301971436,20492a4d0d84f8beb1767f6616229f85d44c2827b64bdbfb260ee12fa1109e0e
163,44.09620428085327,20492a4d0d84f8beb1767f6616229f85d44c2827b64bdbfb260ee12fa1109e0e
164,43.91747236251831,20492a4d0d84f8beb1767f6616229f85d44c2827b64bdbfb260ee12fa1109e0e
165,43.74985384941101,20492a4d0d84f8beb1767f6616229f85d44c2827b64bdbfb260ee12fa1109e0e
166,44.38982152938843,20492a4d0d84f8beb1767f6616229f85d44c2827b64bdbfb260ee12fa1109e0e
167,45.186712980270386,20492a4d0d84f8beb1767f6616229f85d44c2827b64bdbfb260ee12fa1109e0e
168,45.13636803627014,20492a4d0d84f8beb1767f6616229f85d44c2827b64bdbfb260ee12fa1109e0e
169,43.816824197769165,20492a4d0d84f8beb1767f6616229f85d44c2827b64bdbfb260ee12fa1109e0e
170,44.12178587913513,20492a4d0d84f8beb1767f6616229f85d44c2827b64bdbfb260ee12fa1109e0e
171,44.39940547943115,20492a4d0d84f8beb1767f6616229f85d44c2827b64bdbfb260ee12fa1109e0e
172,44.861473083496094,20492a4d0d84f8beb1767f6616229f85d44c2827b64bdbfb260ee12fa1109e0e
173,44.804577589035034,20492a4d0d84f8beb1767f6616229f85d44c2827b64bdbfb260ee12fa1109e0e
174,45.16326022148132,20492a4d0d84f8beb1767f6616229f85d44c2827b64bdbfb260ee12fa1109e0e
175,44.82296013832092,20492a4d0d84f8beb1767f6616229f85d44c2827b64bdbfb260ee12fa1109e0e
176,44.448206186294556,20492a4d0d84f8beb1767f6616229f85d44c2827b64bdbfb260ee12fa1109e0e
177,44.96197009086609,20492a4d0d84f8beb1767f6616229f85d44c2827b64bdbfb260ee12fa1109e0e
178,44.916866064071655,20492a4d0d84f8beb1767f6616229f85d44c2827b64bdbfb260ee12fa1109e0e
179,44.49565100669861,20492a4d0d84f8beb1767f6616229f85d44c2827b64bdbfb260ee12fa1109e0e
180,44.53683805465698,20492a4d0d84f8beb1767f6616229f85d44c2827b64bdbfb260ee12fa1109e0e
181,48.649664640426636,20492a4d0d84f8beb1767f6616229f85d44c2827b64bdbfb260ee12fa1109e0e
182,44.95390295982361,20492a4d0d84f8beb1767f6616229f85d44c2827b64bdbfb260ee12fa1109e0e
183,45.72980356216431,20492a4d0d84f8beb1767f6616229f85d44c2827b64bdbfb260ee12fa1109e0e
184,45.38633441925049,20492a4d0d84f8beb1767f6616229f85d44c2827b64bdbfb260ee12fa1109e0e
185,45.18259119987488,20492a4d0d84f8beb1767f6616229f85d44c2827b64bdbfb260ee12fa1109e0e
186,44.18659687042236,20492a4d0d84f8beb1767f6616229f85d44c2827b64bdbfb260ee12fa1109e0e
187,44.582579374313354,20492a4d0d84f8beb1767f6616229f85d44c2827b64bdbfb260ee12fa1109e0e
188,45.87869381904602,20492a4d0d84f8beb1767f6616229f85d44c2827b64bdbfb260ee12fa1109e0e
189,44.96117544174194,20492a4d0d84f8beb1767f6616229f85d44c2827b64bdbfb260ee12fa1109e0e
190,44.93099069595337,20492a4d0d84f8beb1767f6616229f85d44c2827b64bdbfb260ee12fa1109e0e
191,44.70280432701111,20492a4d0d84f8beb1767f6616229f85d44c2827b64bdbfb260ee12fa1109e0e
192,45.67741417884827,20492a4d0d84f8beb1767f6616229f85d44c2827b64bdbfb260ee12fa1109e0e
193,46.26776742935181,20492a4d0d84f8beb1767f6616229f85d44c2827b64bdbfb260ee12fa1109e0e
194,47.21769952774048,20492a4d0d84f8beb1767f6616229f85d44c2827b64bdbfb260ee12fa1109e0e
195,45.35218930244446,20492a4d0d84f8beb1767f6616229f85d44c2827b64bdbfb260ee12fa1109e0e
196,45.49690246582031,20492a4d0d84f8beb1767f6616229f85d44c2827b64bdbfb260ee12fa1109e0e
197,44.77504634857178,20492a4d0d84f8beb1767f6616229f85d44c2827b64bdbfb260ee12fa1109e0e
198,45.59369111061096,20492a4d0d84f8beb1767f6616229f85d44c2827b64bdbfb260ee12fa1109e0e
199,45.60467576980591,20492a4d0d84f8beb1767f6616229f85d44c2827b64bdbfb260ee12fa1109e0e
200,45.44270706176758,20492a4d0d84f8beb1767f6616229f85d44c2827b64bdbfb260ee12fa1109e0e
201,47.17238521575928,20492a4d0d84f8beb1767f6616229f85d44c2827b64bdbfb260ee12fa1109e0e
202,50.27905344963074,20492a4d0d84f8beb1767f6616229f85d44c2827b64bdbfb260ee12fa1109e0e
203,48.279284715652466,20492a4d0d84f8beb1767f6616229f85d44c2827b64bdbfb260ee12fa1109e0e
204,46.527846336364746,20492a4d0d84f8beb1767f6616229f85d44c2827b64bdbfb260ee12fa1109e0e
205,47.72868013381958,20492a4d0d84f8beb1767f6616229f85d44c2827b64bdbfb260ee12fa1109e0e
206,47.32086730003357,20492a4d0d84f8beb1767f6616229f85d44c2827b64bdbfb260ee12fa1109e0e
207,47.58441925048828,20492a4d0d84f8beb1767f6616229f85d44c2827b64bdbfb260ee12fa1109e0e
208,46.87808561325073,20492a4d0d84f8beb1767f6616229f85d44c2827b64bdbfb260ee12fa1109e0e
209,46.62129878997803,20492a4d0d84f8beb1767f6616229f85d44c2827b64bdbfb260ee12fa1109e0e
210,48.17336416244507,20492a4d0d84f8beb1767f6616229f85d44c2827b64bdbfb260ee12fa1109e0e
211,47.41932463645935,20492a4d0d84f8beb1767f6616229f85d44c2827b64bdbfb260ee12fa1109e0e
212,46.697940826416016,20492a4d0d84f8beb1767f6616229f85d44c2827b64bdbfb260ee12fa1109e0e
213,46.02347421646118,20492a4d0d84f8beb1767f6616229f85d44c2827b64bdbfb260ee12fa1109e0e
214,46.797414779663086,20492a4d0d84f8beb1767f6616229f85d44c2827b64bdbfb260ee12fa1109e0e
215,47.111581563949585,20492a4d0d84f8beb1767f6616229f85d44c2827b64bdbfb260ee12fa1109e0e
216,46.54343342781067,20492a4d0d84f8beb1767f6616229f85d44c2827b64bdbfb260ee12fa1109e0e
217,47.45197033882141,20492a4d0d84f8beb1767f6616229f85d44c2827b64bdbfb260ee12fa1109e0e
218,45.58313250541687,20492a4d0d84f8beb1767f6616229f85d44c2827b64bdbfb260ee12fa1109e0e
219,46.38621377944946,20492a4d0d84f8beb1767f6616229f85d44c2827b64bdbfb260ee12fa1109e0e
220,46.52351093292236,20492a4d0d84f8beb1767f6616229f85d44c2827b64bdbfb260ee12fa1109e0e
221,46.82285690307617,20492a4d0d84f8beb1767f6616229f85d44c2827b64bdbfb260ee12fa1109e0e
222,46.50202250480652,20492a4d0d84f8beb1767f6616229f85d44c2827b64bdbfb260ee12fa1109e0e
223,46.783655405044556,20492a4d0d84f8beb1767f6616229f85d44c2827b64bdbfb260ee12fa1109e0e
224,48.055344581604004,20492a4d0d84f8beb1767f6616229f85d44c2827b64bdbfb260ee12fa1109e0e
225,46.25714659690857,20492a4d0d84f8beb1767f6616229f85d44c2827b64bdbfb260ee12fa1109e0e
226,45.56446170806885,20492a4d0d84f8beb1767f6616229f85d44c2827b64bdbfb260ee12fa1109e0e
227,45.925034523010254,20492a4d0d84f8beb1767f6616229f85d44c2827b64bdbfb260ee12fa1109e0e
228,45.074869871139526,20492a4d0d84f8beb1767f6616229f85d44c2827b64bdbfb260ee12fa1109e0e
229,45.10809683799744,20492a4d0d84f8beb1767f6616229f85d44c2827b64bdbfb260ee12fa1109e0e
230,45.42108201980591,20492a4d0d84f8beb1767f6616229f85d44c2827b64bdbfb260ee12fa1109e0e
231,53.965951919555664,20492a4d0d84f8beb1767f6616229f85d44c2827b64bdbfb260ee12fa1109e0e
232,57.65357732772827,20492a4d0d84f8beb1767f6616229f85d44c2827b64bdbfb260ee12fa1109e0e
233,44.54725956916809,20492a4d0d84f8beb1767f6616229f85d44c2827b64bdbfb260ee12fa1109e0e
234,45.166399002075195,20492a4d0d84f8beb1767f6616229f85d44c2827b64bdbfb260ee12fa1109e0e
235,44.613317251205444,20492a4d0d84f8beb1767f6616229f85d44c2827b64bdbfb260ee12fa1109e0e
236,45.782246828079224,20492a4d0d84f8beb1767f6616229f85d44c2827b64bdbfb260ee12fa1109e0e
237,44.829829692840576,20492a4d0d84f8beb1767f6616229f85d44c2827b64bdbfb260ee12fa1109e0e
238,45.02525758743286,20492a4d0d84f8beb1767f6616229f85d44c2827b64bdbfb260ee12fa1109e0e
239,44.773486375808716,20492a4d0d84f8beb1767f6616229f85d44c2827b64bdbfb260ee12fa1109e0e
240,47.42003774642944,20492a4d0d84f8beb1767f6616229f85d44c2827b64bdbfb260ee12fa1109e0e
241,46.06820774078369,20492a4d0d84f8beb1767f6616229f85d44c2827b64bdbfb260ee12fa1109e0e
242,44.26633358001709,20492a4d0d84f8beb1767f6616229f85d44c2827b64bdbfb260ee12fa1109e0e
243,47.016315937042236,20492a4d0d84f8beb1767f6616229f85d44c2827b64bdbfb260ee12fa1109e0e
244,45.2416033744812,20492a4d0d84f8beb1767f6616229f85d44c2827b64bdbfb260ee12fa1109e0e
245,45.03915572166443,20492a4d0d84f8beb1767f6616229f85d44c2827b64bdbfb260ee12fa1109e0e
246,49.55973029136658,20492a4d0d84f8beb1767f6616229f85d44c2827b64bdbfb260ee12fa1109e0e
247,44.6615834236145,20492a4d0d84f8beb1767f6616229f85d44c2827b64bdbfb260ee12fa1109e0e
248,44.65182828903198,20492a4d0d84f8beb1767f6616229f85d44c2827b64bdbfb260ee12fa1109e0e
249,45.35552215576172,20492a4d0d84f8beb1767f6616229f85d44c2827b64bdbfb260ee12fa1109e0e
250,51.608914852142334,20492a4d0d84f8beb1767f6616229f85d44c2827b64bdbfb260ee12fa1109e0e
251,45.23538517951965,20492a4d0d84f8beb1767f6616229f85d44c2827b64bdbfb260ee12fa1109e0e
252,44.30757761001587,20492a4d0d84f8beb1767f6616229f85d44c2827b64bdbfb260ee12fa1109e0e
253,44.90144991874695,20492a4d0d84f8beb1767f6616229f85d44c2827b64bdbfb260ee12fa1109e0e
254,44.78483605384827,20492a4d0d84f8beb1767f6616229f85d44c2827b64bdbfb260ee12fa1109e0e
255,44.83150863647461,20492a4d0d84f8beb1767f6616229f85d44c2827b64bdbfb260ee12fa1109e0e
256,44.38164138793945,20492a4d0d84f8beb1767f6616229f85d44c2827b64bdbfb260ee12fa1109e0e
257,44.62481427192688,20492a4d0d84f8beb1767f6616229f85d44c2827b64bdbfb260ee12fa1109e0e
258,45.75751209259033,20492a4d0d84f8beb1767f6616229f85d44c2827b64bdbfb260ee12fa1109e0e
259,44.51838445663452,20492a4d0d84f8beb1767f6616229f85d44c2827b64bdbfb260ee12fa1109e0e
260,47.46603775024414,20492a4d0d84f8beb1767f6616229f85d44c2827b64bdbfb260ee12fa1109e0e
261,44.384392976760864,20492a4d0d84f8beb1767f6616229f85d44c2827b64bdbfb260ee12fa1109e0e
262,46.10432434082031,20492a4d0d84f8beb1767f6616229f85d44c2827b64bdbfb260ee12fa1109e0e
263,49.93781614303589,20492a4d0d84f8beb1767f6616229f85d44c2827b64bdbfb260ee12fa1109e0e
264,45.26386094093323,20492a4d0d84f8beb1767f6616229f85d44c2827b64bdbfb260ee12fa1109e0e
265,44.71836876869202,20492a4d0d84f8beb1767f6616229f85d44c2827b64bdbfb260ee12fa1109e0e
266,44.81369495391846,20492a4d0d84f8beb1767f6616229f85d44c2827b64bdbfb260ee12fa1109e0e
267,44.42564368247986,20492a4d0d84f8beb1767f6616229f85d44c2827b64bdbfb260ee12fa1109e0e
268,47.51373839378357,20492a4d0d84f8beb1767f6616229f85d44c2827b64bdbfb260ee12fa1109e0e
269,45.161813497543335,20492a4d0d84f8beb1767f6616229f85d44c2827b64bdbfb260ee12fa1109e0e
270,52.93842315673828,20492a4d0d84f8beb1767f6616229f85d44c2827b64bdbfb260ee12fa1109e0e
271,45.47404742240906,20492a4d0d84f8beb1767f6616229f85d44c2827b64bdbfb260ee12fa1109e0e
272,53.96307921409607,20492a4d0d84f8beb1767f6616229f85d44c2827b64bdbfb260ee12fa1109e0e
273,56.141518354415894,20492a4d0d84f8beb1767f6616229f85d44c2827b64bdbfb260ee12fa1109e0e
274,51.380932092666626,20492a4d0d84f8beb1767f6616229f85d44c2827b64bdbfb260ee12fa1109e0e
275,48.03590106964111,20492a4d0d84f8beb1767f6616229f85d44c2827b64bdbfb260ee12fa1109e0e
276,49.047513484954834,20492a4d0d84f8beb1767f6616229f85d44c2827b64bdbfb260ee12fa1109e0e
277,45.16784882545471,20492a4d0d84f8beb1767f6616229f85d44c2827b64bdbfb260ee12fa1109e0e
278,45.265806674957275,20492a4d0d84f8beb1767f6616229f85d44c2827b64bdbfb260ee12fa1109e0e
279,45.54443120956421,20492a4d0d84f8beb1767f6616229f85d44c2827b64bdbfb260ee12fa1109e0e
280,45.26472520828247,20492a4d0d84f8beb1767f6616229f85d44c2827b64bdbfb260ee12fa1109e0e
281,44.85339665412903,20492a4d0d84f8beb1767f6616229f85d44c2827b64bdbfb260ee12fa1109e0e
282,48.8585889339447,20492a4d0d84f8beb1767f6616229f85d44c2827b64bdbfb260ee12fa1109e0e
283,44.440958976745605,20492a4d0d84f8beb1767f6616229f85d44c2827b64bdbfb260ee12fa1109e0e
284,46.50144648551941,20492a4d0d84f8beb1767f6616229f85d44c2827b64bdbfb260ee12fa1109e0e
285,44.84850358963013,20492a4d0d84f8beb1767f6616229f85d44c2827b64bdbfb260ee12fa1109e0e
286,50.59951901435852,20492a4d0d84f8beb1767f6616229f85d44c2827b64bdbfb260ee12fa1109e0e
287,51.19797086715698,20492a4d0d84f8beb1767f6616229f85d44c2827b64bdbfb260ee12fa1109e0e
288,44.667561769485474,20492a4d0d84f8beb1767f6616229f85d44c2827b64bdbfb260ee12fa1109e0e
289,45.265209674835205,20492a4d0d84f8beb1767f6616229f85d44c2827b64bdbfb260ee12fa1109e0e
290,45.14036321640015,20492a4d0d84f8beb1767f6616229f85d44c2827b64bdbfb260ee12fa1109e0e
291,45.01742887496948,20492a4d0d84f8beb1767f6616229f85d44c2827b64bdbfb260ee12fa1109e0e
292,48.44568681716919,20492a4d0d84f8beb1767f6616229f85d44c2827b64bdbfb260ee12fa1109e0e
293,46.60041642189026,20492a4d0d84f8beb1767f6616229f85d44c2827b64bdbfb260ee12fa1109e0e
294,44.319934606552124,20492a4d0d84f8beb1767f6616229f85d44c2827b64bdbfb260ee12fa1109e0e
295,47.543246030807495,20492a4d0d84f8beb1767f6616229f85d44c2827b64bdbfb260ee12fa1109e0e
296,46.672404050827026,20492a4d0d84f8beb1767f6616229f85d44c2827b64bdbfb260ee12fa1109e0e
297,57.23933744430542,20492a4d0d84f8beb1767f6616229f85d44c2827b64bdbfb260ee12fa1109e0e
298,51.45423460006714,20492a4d0d84f8beb1767f6616229f85d44c2827b64bdbfb260ee12fa1109e0e
299,44.075894355773926,20492a4d0d84f8beb1767f6616229f85d44c2827b64bdbfb260ee12fa1109e0e
300,60.10078954696655,20492a4d0d84f8beb1767f6616229f85d44c2827b64bdbfb260ee12fa1109e0e
301,44.369946002960205,20492a4d0d84f8beb1767f6616229f85d44c2827b64bdbfb260ee12fa1109e0e
302,46.1279137134552,20492a4d0d84f8beb1767f6616229f85d44c2827b64bdbfb260ee12fa1109e0e
303,44.55204629898071,20492a4d0d84f8beb1767f6616229f85d44c2827b64bdbfb260ee12fa1109e0e
304,45.31980872154236,20492a4d0d84f8beb1767f6616229f85d44c2827b64bdbfb260ee12fa1109e0e
305,73.77987122535706,86808b5c7c1b34c7a989494649fb8e5a09a1cefe028bb6959d7a69e1dbf529cf
306,46.35918068885803,20492a4d0d84f8beb1767f6616229f85d44c2827b64bdbfb260ee12fa1109e0e
307,45.55101919174194,20492a4d0d84f8beb1767f6616229f85d44c2827b64bdbfb260ee12fa1109e0e
308,44.95951247215271,20492a4d0d84f8beb1767f6616229f85d44c2827b64bdbfb260ee12fa1109e0e
309,45.32766890525818,20492a4d0d84f8beb1767f6616229f85d44c2827b64bdbfb260ee12fa1109e0e
310,44.85764956474304,20492a4d0d84f8beb1767f6616229f85d44c2827b64bdbfb260ee12fa1109e0e
311,55.69984245300293,20492a4d0d84f8beb1767f6616229f85d44c2827b64bdbfb260ee12fa1109e0e
312,44.422019481658936,20492a4d0d84f8beb1767f6616229f85d44c2827b64bdbfb260ee12fa1109e0e
313,45.625144243240356,20492a4d0d84f8beb1767f6616229f85d44c2827b64bdbfb260ee12fa1109e0e
314,44.56068992614746,20492a4d0d84f8beb1767f6616229f85d44c2827b64bdbfb260ee12fa1109e0e
315,45.77858638763428,20492a4d0d84f8beb1767f6616229f85d44c2827b64bdbfb260ee12fa1109e0e
316,52.83937907218933,20492a4d0d84f8beb1767f6616229f85d44c2827b64bdbfb260ee12fa1109e0e
317,59.15295100212097,20492a4d0d84f8beb1767f6616229f85d44c2827b64bdbfb260ee12fa1109e0e
318,45.10276818275452,20492a4d0d84f8beb1767f6616229f85d44c2827b64bdbfb260ee12fa1109e0e
319,47.428107261657715,20492a4d0d84f8beb1767f6616229f85d44c2827b64bdbfb260ee12fa1109e0e
320,47.26116371154785,20492a4d0d84f8beb1767f6616229f85d44c2827b64bdbfb260ee12fa1109e0e
321,44.24264907836914,20492a4d0d84f8beb1767f6616229f85d44c2827b64bdbfb260ee12fa1109e0e
322,44.59697198867798,20492a4d0d84f8beb1767f6616229f85d44c2827b64bdbfb260ee12fa1109e0e
323,50.78878998756409,20492a4d0d84f8beb1767f6616229f85d44c2827b64bdbfb260ee12fa1109e0e
324,51.101855993270874,20492a4d0d84f8beb1767f6616229f85d44c2827b64bdbfb260ee12fa1109e0e
325,61.545995235443115,20492a4d0d84f8beb1767f6616229f85d44c2827b64bdbfb260ee12fa1109e0e
326,53.862056016922,20492a4d0d84f8beb1767f6616229f85d44c2827b64bdbfb260ee12fa1109e0e
327,50.73441028594971,20492a4d0d84f8beb1767f6616229f85d44c2827b64bdbfb260ee12fa1109e0e
328,59.37357139587402,20492a4d0d84f8beb1767f6616229f85d44c2827b64bdbfb260ee12fa1109e0e
329,57.85454988479614,20492a4d0d84f8beb1767f6616229f85d44c2827b64bdbfb260ee12fa1109e0e
330,56.420286655426025,20492a4d0d84f8beb1767f6616229f85d44c2827b64bdbfb260ee12fa1109e0e
331,76.69650602340698,32cbd1de3d99649714631ddc66f9309e798d177f34d19832f640a0dcedeb6735
332,52.838544845581055,20492a4d0d84f8beb1767f6616229f85d44c2827b64bdbfb260ee12fa1109e0e
333,58.77415227890015,20492a4d0d84f8beb1767f6616229f85d44c2827b64bdbfb260ee12fa1109e0e
334,52.53574085235596,20492a4d0d84f8beb1767f6616229f85d44c2827b64bdbfb260ee12fa1109e0e
335,57.45069432258606,20492a4d0d84f8beb1767f6616229f85d44c2827b64bdbfb260ee12fa1109e0e
336,58.05790328979492,20492a4d0d84f8beb1767f6616229f85d44c2827b64bdbfb260ee12fa1109e0e
337,60.8128936290741,20492a4d0d84f8beb1767f6616229f85d44c2827b64bdbfb260ee12fa1109e0e
338,56.33342242240906,20492a4d0d84f8beb1767f6616229f85d44c2827b64bdbfb260ee12fa1109e0e
339,52.22340774536133,20492a4d0d84f8beb1767f6616229f85d44c2827b64bdbfb260ee12fa1109e0e
340,45.1770224571228,20492a4d0d84f8beb1767f6616229f85d44c2827b64bdbfb260ee12fa1109e0e
341,52.02117037773132,20492a4d0d84f8beb1767f6616229f85d44c2827b64bdbfb260ee12fa1109e0e
342,57.03468298912048,20492a4d0d84f8beb1767f6616229f85d44c2827b64bdbfb260ee12fa1109e0e
343,60.1051242351532,20492a4d0d84f8beb1767f6616229f85d44c2827b64bdbfb260ee12fa1109e0e
344,55.41118788719177,20492a4d0d84f8beb1767f6616229f85d44c2827b64bdbfb260ee12fa1109e0e
345,50.17482352256775,20492a4d0d84f8beb1767f6616229f85d44c2827b64bdbfb260ee12fa1109e0e
346,51.606645345687866,20492a4d0d84f8beb1767f6616229f85d44c2827b64bdbfb260ee12fa1109e0e
347,52.133243560791016,20492a4d0d84f8beb1767f6616229f85d44c2827b64bdbfb260ee12fa1109e0e
348,51.10781812667847,20492a4d0d84f8beb1767f6616229f85d44c2827b64bdbfb260ee12fa1109e0e
349,59.184441804885864,20492a4d0d84f8beb1767f6616229f85d44c2827b64bdbfb260ee12fa1109e0e
350,61.91112399101257,20492a4d0d84f8beb1767f6616229f85d44c2827b64bdbfb260ee12fa1109e0e
351,61.54231262207031,20492a4d0d84f8beb1767f6616229f85d44c2827b64bdbfb260ee12fa1109e0e
352,54.67882180213928,20492a4d0d84f8beb1767f6616229f85d44c2827b64bdbfb260ee12fa1109e0e
353,48.24168062210083,20492a4d0d84f8beb1767f6616229f85d44c2827b64bdbfb260ee12fa1109e0e
354,58.475456953048706,20492a4d0d84f8beb1767f6616229f85d44c2827b64bdbfb260ee12fa1109e0e
355,55.53561186790466,20492a4d0d84f8beb1767f6616229f85d44c2827b64bdbfb260ee12fa1109e0e
356,59.399431467056274,20492a4d0d84f8beb1767f6616229f85d44c2827b64bdbfb260ee12fa1109e0e
357,57.54719924926758,20492a4d0d84f8beb1767f6616229f85d44c2827b64bdbfb260ee12fa1109e0e
358,59.90147161483765,20492a4d0d84f8beb1767f6616229f85d44c2827b64bdbfb260ee12fa1109e0e
359,49.355517625808716,20492a4d0d84f8beb1767f6616229f85d44c2827b64bdbfb260ee12fa1109e0e
360,57.34184527397156,20492a4d0d84f8beb1767f6616229f85d44c2827b64bdbfb260ee12fa1109e0e
361,84.57230567932129,f3280825e0c1bc9207ddc1e6ae9ff2e384afac8f33a1dfb1a39fa58dcb328b3c
362,53.451674699783325,20492a4d0d84f8beb1767f6616229f85d44c2827b64bdbfb260ee12fa1109e0e
363,59.187004804611206,20492a4d0d84f8beb1767f6616229f85d44c2827b64bdbfb260ee12fa1109e0e
364,75.46670603752136,9ecb58c48beb96541b2101cc4ef6097ca08942ca7447bf8dc82619fec968b71b
365,57.194971561431885,20492a4d0d84f8beb1767f6616229f85d44c2827b64bdbfb260ee12fa1109e0e
366,66.3532326221466,20492a4d0d84f8beb1767f6616229f85d44c2827b64bdbfb260ee12fa1109e0e
367,51.414525270462036,20492a4d0d84f8beb1767f6616229f85d44c2827b64bdbfb260ee12fa1109e0e
368,52.00693416595459,20492a4d0d84f8beb1767f6616229f85d44c2827b64bdbfb260ee12fa1109e0e
369,60.74943828582764,20492a4d0d84f8beb1767f6616229f85d44c2827b64bdbfb260ee12fa1109e0e
370,61.583831548690796,20492a4d0d84f8beb1767f6616229f85d44c2827b64bdbfb260ee12fa1109e0e
371,48.027196407318115,20492a4d0d84f8beb1767f6616229f85d44c2827b64bdbfb260ee12fa1109e0e
372,56.307777881622314,20492a4d0d84f8beb1767f6616229f85d44c2827b64bdbfb260ee12fa1109e0e
373,51.575912952423096,20492a4d0d84f8beb1767f6616229f85d44c2827b64bdbfb260ee12fa1109e0e
374,54.066792011260986,20492a4d0d84f8beb1767f6616229f85d44c2827b64bdbfb260ee12fa1109e0e
375,57.95812654495239,20492a4d0d84f8beb1767f6616229f85d44c2827b64bdbfb260ee12fa1109e0e
376,53.96199941635132,20492a4d0d84f8beb1767f6616229f85d44c2827b64bdbfb260ee12fa1109e0e
377,46.924782514572144,20492a4d0d84f8beb1767f6616229f85d44c2827b64bdbfb260ee12fa1109e0e
378,50.48259902000427,20492a4d0d84f8beb1767f6616229f85d44c2827b64bdbfb260ee12fa1109e0e
379,50.96974039077759,20492a4d0d84f8beb1767f6616229f85d44c2827b64bdbfb260ee12fa1109e0e
380,57.80810761451721,20492a4d0d84f8beb1767f6616229f85d44c2827b64bdbfb260ee12fa1109e0e
381,65.63818883895874,20492a4d0d84f8beb1767f6616229f85d44c2827b64bdbfb260ee12fa1109e0e
382,81.20258808135986,6a7ebbe192c115bd45cce90d67f4bf9306f84b2dbfd32321ba71fe45c9121b6d
383,49.15226125717163,20492a4d0d84f8beb1767f6616229f85d44c2827b64bdbfb260ee12fa1109e0e
384,56.82981204986572,20492a4d0d84f8beb1767f6616229f85d44c2827b64bdbfb260ee12fa1109e0e
385,62.891228437423706,20492a4d0d84f8beb1767f6616229f85d44c2827b64bdbfb260ee12fa1109e0e
386,49.77116346359253,20492a4d0d84f8beb1767f6616229f85d44c2827b64bdbfb260ee12fa1109e0e
387,64.10220384597778,20492a4d0d84f8beb1767f6616229f85d44c2827b64bdbfb260ee12fa1109e0e
388,63.28111243247986,20492a4d0d84f8beb1767f6616229f85d44c2827b64bdbfb260ee12fa1109e0e
389,61.13255763053894,20492a4d0d84f8beb1767f6616229f85d44c2827b64bdbfb260ee12fa1109e0e
390,49.8787145614624,20492a4d0d84f8beb1767f6616229f85d44c2827b64bdbfb260ee12fa1109e0e
391,58.11551284790039,20492a4d0d84f8beb1767f6616229f85d44c2827b64bdbfb260ee12fa1109e0e
392,55.29405879974365,20492a4d0d84f8beb1767f6616229f85d44c2827b64bdbfb260ee12fa1109e0e
393,57.34147500991821,20492a4d0d84f8beb1767f6616229f85d44c2827b64bdbfb260ee12fa1109e0e
394,58.98067331314087,20492a4d0d84f8beb1767f6616229f85d44c2827b64bdbfb260ee12fa1109e0e
395,50.16274952888489,20492a4d0d84f8beb1767f6616229f85d44c2827b64bdbfb260ee12fa1109e0e
396,53.03565216064453,20492a4d0d84f8beb1767f6616229f85d44c2827b64bdbfb260ee12fa1109e0e
397,60.43667435646057,20492a4d0d84f8beb1767f6616229f85d44c2827b64bdbfb260ee12fa1109e0e
398,57.20175790786743,20492a4d0d84f8beb1767f6616229f85d44c2827b64bdbfb260ee12fa1109e0e
399,55.85693025588989,20492a4d0d84f8beb1767f6616229f85d44c2827b64bdbfb260ee12fa1109e0e
400,59.70181703567505,20492a4d0d84f8beb1767f6616229f85d44c2827b64bdbfb260ee12fa1109e0e
401,58.27733826637268,20492a4d0d84f8beb1767f6616229f85d44c2827b64bdbfb260ee12fa1109e0e
402,60.89267182350159,20492a4d0d84f8beb1767f6616229f85d44c2827b64bdbfb260ee12fa1109e0e
403,55.82269239425659,20492a4d0d84f8beb1767f6616229f85d44c2827b64bdbfb260ee12fa1109e0e
404,52.57781791687012,20492a4d0d84f8beb1767f6616229f85d44c2827b64bdbfb260ee12fa1109e0e
405,50.89426231384277,20492a4d0d84f8beb1767f6616229f85d44c2827b64bdbfb260ee12fa1109e0e
406,59.94963526725769,20492a4d0d84f8beb1767f6616229f85d44c2827b64bdbfb260ee12fa1109e0e
407,52.2234890460968,20492a4d0d84f8beb1767f6616229f85d44c2827b64bdbfb260ee12fa1109e0e
408,51.610955476760864,20492a4d0d84f8beb1767f6616229f85d44c2827b64bdbfb260ee12fa1109e0e
409,55.6030957698822,20492a4d0d84f8beb1767f6616229f85d44c2827b64bdbfb260ee12fa1109e0e
410,78.11418890953064,20492a4d0d84f8beb1767f6616229f85d44c2827b64bdbfb260ee12fa1109e0e
411,59.93080544471741,20492a4d0d84f8beb1767f6616229f85d44c2827b64bdbfb260ee12fa1109e0e
412,48.64614987373352,20492a4d0d84f8beb1767f6616229f85d44c2827b64bdbfb260ee12fa1109e0e
413,56.1141254901886,20492a4d0d84f8beb1767f6616229f85d44c2827b64bdbfb260ee12fa1109e0e
414,57.8308961391449,20492a4d0d84f8beb1767f6616229f85d44c2827b64bdbfb260ee12fa1109e0e
415,60.518468141555786,20492a4d0d84f8beb1767f6616229f85d44c2827b64bdbfb260ee12fa1109e0e
416,57.23460912704468,20492a4d0d84f8beb1767f6616229f85d44c2827b64bdbfb260ee12fa1109e0e
417,64.54783153533936,20492a4d0d84f8beb1767f6616229f85d44c2827b64bdbfb260ee12fa1109e0e
418,61.53347325325012,20492a4d0d84f8beb1767f6616229f85d44c2827b64bdbfb260ee12fa1109e0e
419,56.42216467857361,20492a4d0d84f8beb1767f6616229f85d44c2827b64bdbfb260ee12fa1109e0e
420,48.967002868652344,20492a4d0d84f8beb1767f6616229f85d44c2827b64bdbfb260ee12fa1109e0e
421,80.07494711875916,952bf8e2bced7ffd916551d4aef786fc8002b66927b33b6cd9f2cff2467138ce
422,61.231781244277954,20492a4d0d84f8beb1767f6616229f85d44c2827b64bdbfb260ee12fa1109e0e
423,55.71442127227783,20492a4d0d84f8beb1767f6616229f85d44c2827b64bdbfb260ee12fa1109e0e
424,69.12326288223267,20492a4d0d84f8beb1767f6616229f85d44c2827b64bdbfb260ee12fa1109e0e
425,54.57798147201538,20492a4d0d84f8beb1767f6616229f85d44c2827b64bdbfb260ee12fa1109e0e
426,60.97843599319458,20492a4d0d84f8beb1767f6616229f85d44c2827b64bdbfb260ee12fa1109e0e
427,80.99819231033325,29b94becf7f36793c99d479de6e9451f93aa9e41f493e95597d7069e8a537ac0
428,52.71740651130676,20492a4d0d84f8beb1767f6616229f85d44c2827b64bdbfb260ee12fa1109e0e
429,60.71206307411194,20492a4d0d84f8beb1767f6616229f85d44c2827b64bdbfb260ee12fa1109e0e
430,55.99527978897095,20492a4d0d84f8beb1767f6616229f85d44c2827b64bdbfb260ee12fa1109e0e
431,78.73468208312988,ae8401a07c96b8c8139af27eec619f2ea38afe1cbc4b9a63cb346f36d8eb4273
432,60.40791606903076,20492a4d0d84f8beb1767f6616229f85d44c2827b64bdbfb260ee12fa1109e0e
433,77.01278686523438,52e82048a8e83c6e3bda824b3475bc3f3fcb20d4fece5ee24d323c4ef29ae617
434,54.470152616500854,20492a4d0d84f8beb1767f6616229f85d44c2827b64bdbfb260ee12fa1109e0e
435,54.98281931877136,20492a4d0d84f8beb1767f6616229f85d44c2827b64bdbfb260ee12fa1109e0e
436,59.22655415534973,20492a4d0d84f8beb1767f6616229f85d44c2827b64bdbfb260ee12fa1109e0e
437,49.744670152664185,20492a4d0d84f8beb1767f6616229f85d44c2827b64bdbfb260ee12fa1109e0e
438,61.829734325408936,20492a4d0d84f8beb1767f6616229f85d44c2827b64bdbfb260ee12fa1109e0e
439,55.60011529922485,20492a4d0d84f8beb1767f6616229f85d44c2827b64bdbfb260ee12fa1109e0e
440,45.895320415496826,20492a4d0d84f8beb1767f6616229f85d44c2827b64bdbfb260ee12fa1109e0e
441,59.03354215621948,20492a4d0d84f8beb1767f6616229f85d44c2827b64bdbfb260ee12fa1109e0e
442,76.69491600990295,66bf3f73f1d4400a0679782f3e2c27c96eb9f0ba7f0180b77f2b4e168b6a8163
443,67.27209162712097,20492a4d0d84f8beb1767f6616229f85d44c2827b64bdbfb260ee12fa1109e0e
444,69.93472099304199,20492a4d0d84f8beb1767f6616229f85d44c2827b64bdbfb260ee12fa1109e0e
445,75.46358919143677,378241f9ec9b9f87bfcc62719933521985824a933d0d2e0d36050932fd8cd0dc
446,54.67807984352112,20492a4d0d84f8beb1767f6616229f85d44c2827b64bdbfb260ee12fa1109e0e
447,62.76808404922485,20492a4d0d84f8beb1767f6616229f85d44c2827b64bdbfb260ee12fa1109e0e
448,59.8453311920166,20492a4d0d84f8beb1767f6616229f85d44c2827b64bdbfb260ee12fa1109e0e
449,57.341217041015625,20492a4d0d84f8beb1767f6616229f85d44c2827b64bdbfb260ee12fa1109e0e
450,58.0476655960083,20492a4d0d84f8beb1767f6616229f85d44c2827b64bdbfb260ee12fa1109e0e
451,54.0649037361145,20492a4d0d84f8beb1767f6616229f85d44c2827b64bdbfb260ee12fa1109e0e
452,54.57514262199402,20492a4d0d84f8beb1767f6616229f85d44c2827b64bdbfb260ee12fa1109e0e
453,66.45261788368225,20492a4d0d84f8beb1767f6616229f85d44c2827b64bdbfb260ee12fa1109e0e
454,60.49509620666504,20492a4d0d84f8beb1767f6616229f85d44c2827b64bdbfb260ee12fa1109e0e
455,47.11080026626587,20492a4d0d84f8beb1767f6616229f85d44c2827b64bdbfb260ee12fa1109e0e
456,46.93164777755737,20492a4d0d84f8beb1767f6616229f85d44c2827b64bdbfb260ee12fa1109e0e
457,58.46903848648071,20492a4d0d84f8beb1767f6616229f85d44c2827b64bdbfb260ee12fa1109e0e
458,54.813628911972046,20492a4d0d84f8beb1767f6616229f85d44c2827b64bdbfb260ee12fa1109e0e
459,55.72969627380371,20492a4d0d84f8beb1767f6616229f85d44c2827b64bdbfb260ee12fa1109e0e
460,58.957067251205444,20492a4d0d84f8beb1767f6616229f85d44c2827b64bdbfb260ee12fa1109e0e
461,52.23245573043823,20492a4d0d84f8beb1767f6616229f85d44c2827b64bdbfb260ee12fa1109e0e
462,59.80135774612427,20492a4d0d84f8beb1767f6616229f85d44c2827b64bdbfb260ee12fa1109e0e
463,51.349191665649414,20492a4d0d84f8beb1767f6616229f85d44c2827b64bdbfb260ee12fa1109e0e
464,62.05329895019531,20492a4d0d84f8beb1767f6616229f85d44c2827b64bdbfb260ee12fa1109e0e
465,80.79335427284241,3669a6de4f6b35b84b19df7a2d0d3768e7773a00459afecf237eb52f4674e81f
466,51.61825227737427,20492a4d0d84f8beb1767f6616229f85d44c2827b64bdbfb260ee12fa1109e0e
467,58.871633768081665,20492a4d0d84f8beb1767f6616229f85d44c2827b64bdbfb260ee12fa1109e0e
468,77.72173261642456,aca37dda9ae073e56bc3e4fb1add33244ba3746ed70145da23e6d421f046403b
469,65.74029874801636,20492a4d0d84f8beb1767f6616229f85d44c2827b64bdbfb260ee12fa1109e0e
470,57.553343057632446,20492a4d0d84f8beb1767f6616229f85d44c2827b64bdbfb260ee12fa1109e0e
471,67.0038948059082,bebcfaee536c075ce91bc322b60d1eb51236208ce954a6a96ec74e802c0bdeb3
472,70.19357419013977,2fe1db5a7b5f07550b69e23944760cbf66003faf52a518c02963b4a0baef0cfd
473,54.67808413505554,20492a4d0d84f8beb1767f6616229f85d44c2827b64bdbfb260ee12fa1109e0e
474,80.2804045677185,008466c8ad29b0f2aeed8973a941aae3941b1021d0f7269fe112f1d507ccefad
475,60.515570402145386,20492a4d0d84f8beb1767f6616229f85d44c2827b64bdbfb260ee12fa1109e0e
476,59.90043830871582,20492a4d0d84f8beb1767f6616229f85d44c2827b64bdbfb260ee12fa1109e0e
477,74.69662547111511,6add778d409564e141bca0460d166ee1bbc5a641006745e550ad654388959dad
478,58.53892111778259,20492a4d0d84f8beb1767f6616229f85d44c2827b64bdbfb260ee12fa1109e0e
479,74.35603904724121,20492a4d0d84f8beb1767f6616229f85d44c2827b64bdbfb260ee12fa1109e0e
480,53.860595703125,20492a4d0d84f8beb1767f6616229f85d44c2827b64bdbfb260ee12fa1109e0e
481,49.14426612854004,20492a4d0d84f8beb1767f6616229f85d44c2827b64bdbfb260ee12fa1109e0e
482,59.86124062538147,20492a4d0d84f8beb1767f6616229f85d44c2827b64bdbfb260ee12fa1109e0e
483,71.18371391296387,20492a4d0d84f8beb1767f6616229f85d44c2827b64bdbfb260ee12fa1109e0e
484,74.47596526145935,20d53b5e72493a44833c2fb321000e358f951bf90192d6593bf0a4a88d93360c
485,64.18537282943726,20492a4d0d84f8beb1767f6616229f85d44c2827b64bdbfb260ee12fa1109e0e
486,63.062315225601196,20492a4d0d84f8beb1767f6616229f85d44c2827b64bdbfb260ee12fa1109e0e
487,81.31879305839539,ee9d9cc4c23b0d0b4526b7df7e6fe5adb9cda619062091c52e0635ba2973993b
488,59.7730393409729,20492a4d0d84f8beb1767f6616229f85d44c2827b64bdbfb260ee12fa1109e0e
489,77.93831777572632,20492a4d0d84f8beb1767f6616229f85d44c2827b64bdbfb260ee12fa1109e0e
490,50.07226753234863,20492a4d0d84f8beb1767f6616229f85d44c2827b64bdbfb260ee12fa1109e0e
491,58.066593647003174,20492a4d0d84f8beb1767f6616229f85d44c2827b64bdbfb260ee12fa1109e0e
492,70.12154006958008,6b60ec128cf6ed9d94b49318b86a93df50266e30c75d0c8b9cf323c190005b5c
493,88.62760639190674,b0d4a7d445764b98f9100e247814900191fca6ebe4e9d40e62b56e3a64a3eb34
494,59.282926082611084,20492a4d0d84f8beb1767f6616229f85d44c2827b64bdbfb260ee12fa1109e0e
495,74.92754411697388,914a0951deb1903d5d08515f59668bb51e83208a830268632f2df9716fe24356
496,103.21171283721924,1890b25284ce5656b3db1d566264fc7842d604fe9b7adf71638aebc8e32c51c6
497,101.03345918655396,82cd0df88d616955709069414e0055aff47a00fad6141d31535b8f60c496435a
498,57.025689125061035,20492a4d0d84f8beb1767f6616229f85d44c2827b64bdbfb260ee12fa1109e0e
499,77.20432329177856,d72ba78cd217cc3ce24dbf666749d372b44e5cde3086fcef6b4d13efed4bc069
500,87.38908004760742,dd80343775afbc34ee8100880b271b73e549ea01b6dadb2ef064f89dc399d77c
501,60.950363636016846,20492a4d0d84f8beb1767f6616229f85d44c2827b64bdbfb260ee12fa1109e0e
502,73.4643166065216,0ad7fbc36ffa93d9965b46d6a0536e73a94b6571ed99e29ad916d5ed1141939a
503,85.42849636077881,d6e16f1a742eed384797b6e24b2c9ec48f01171cb8ab594916ddbfa4666d4313
504,78.65400767326355,ca4fda5520b625240d26180638302764943bfb92e42a34179620372e7757fec8
505,82.73383021354675,d2d46aba43c9e3f9ce509f1ebf394fd835af1cea091c2cab82d4c12d45eab6b5
506,77.56539511680603,400a889e298fbfe6b01afa2f35b54249b6eaea4bb21ac4494e01f441f04a3b8a
507,62.565136194229126,20492a4d0d84f8beb1767f6616229f85d44c2827b64bdbfb260ee12fa1109e0e
508,52.83590483665466,20492a4d0d84f8beb1767f6616229f85d44c2827b64bdbfb260ee12fa1109e0e
509,67.62966585159302,20492a4d0d84f8beb1767f6616229f85d44c2827b64bdbfb260ee12fa1109e0e
510,58.36437368392944,20492a4d0d84f8beb1767f6616229f85d44c2827b64bdbfb260ee12fa1109e0e
511,70.97093224525452,20492a4d0d84f8beb1767f6616229f85d44c2827b64bdbfb260ee12fa1109e0e
512,55.401164531707764,20492a4d0d84f8beb1767f6616229f85d44c2827b64bdbfb260ee12fa1109e0e
